https://www.aldi.com/,
https://www.amazon.com/,
https://www.walmart.com/,
https://www.target.com/,
https://www.bestbuy.com/,
https://www.costco.com/,
https://www.publix.com/,
https://www.aldi.com/,
https://www.sobeys.com/,
https://www.shoprite.com/,
https://www.safeway.com/,
https://www.wholefoods.com/,
https://www.traderjoes.com/,
https://www.publix.com/,
https://www.sobeys.com/,
https://www.etsy.com/,
https://www.ebay.com/,
https://chat.openai.com/,
https://claude.ai/new,    
https://x.com/i/grok,
https://you.com/,
https://pi.ai/,
https://chatgpt.com/,
https://chat.openai.com/,
https://claude.ai/new",
https://gemini.google.com/app?hl=en-GB,
https://chat.deepseek.com/,
https://www.perplexity.ai,
https://github.com/copilot,
